[
{
    "model": "contenttypes.contenttype",
    "pk": 1,
    "fields": {
        "app_label": "admin",
        "model": "logentry"
    }
},
{
    "model": "contenttypes.contenttype",
    "pk": 2,
    "fields": {
        "app_label": "auth",
        "model": "permission"
    }
},
{
    "model": "contenttypes.contenttype",
    "pk": 3,
    "fields": {
        "app_label": "auth",
        "model": "group"
    }
},
{
    "model": "contenttypes.contenttype",
    "pk": 4,
    "fields": {
        "app_label": "auth",
        "model": "user"
    }
},
{
    "model": "contenttypes.contenttype",
    "pk": 5,
    "fields": {
        "app_label": "contenttypes",
        "model": "contenttype"
    }
},
{
    "model": "contenttypes.contenttype",
    "pk": 6,
    "fields": {
        "app_label": "sessions",
        "model": "session"
    }
},
{
    "model": "contenttypes.contenttype",
    "pk": 7,
    "fields": {
        "app_label": "core",
        "model": "porteruser"
    }
},
{
    "model": "contenttypes.contenttype",
    "pk": 8,
    "fields": {
        "app_label": "core",
        "model": "project"
    }
},
{
    "model": "contenttypes.contenttype",
    "pk": 9,
    "fields": {
        "app_label": "core",
        "model": "repository"
    }
},
{
    "model": "contenttypes.contenttype",
    "pk": 10,
    "fields": {
        "app_label": "core",
        "model": "milestone"
    }
},
{
    "model": "contenttypes.contenttype",
    "pk": 11,
    "fields": {
        "app_label": "core",
        "model": "label"
    }
},
{
    "model": "contenttypes.contenttype",
    "pk": 12,
    "fields": {
        "app_label": "core",
        "model": "issue"
    }
},
{
    "model": "contenttypes.contenttype",
    "pk": 13,
    "fields": {
        "app_label": "core",
        "model": "userprojectrole"
    }
},
{
    "model": "contenttypes.contenttype",
    "pk": 14,
    "fields": {
        "app_label": "core",
        "model": "issuelog"
    }
},
{
    "model": "contenttypes.contenttype",
    "pk": 15,
    "fields": {
        "app_label": "core",
        "model": "comment"
    }
},
{
    "model": "contenttypes.contenttype",
    "pk": 16,
    "fields": {
        "app_label": "core",
        "model": "portergroup"
    }
},
{
    "model": "contenttypes.contenttype",
    "pk": 17,
    "fields": {
        "app_label": "core",
        "model": "project_users"
    }
},
{
    "model": "sessions.session",
    "pk": "7lo7tcu5vqy7awjiw40oyhijhffq6j9w",
    "fields": {
        "session_data": "ODJlNzQ0Zjc2ZmRiMzFiMDc0YzJhY2FjYjAwZDBmYTBmMmNhNDViNDp7Il9hdXRoX3VzZXJfaWQiOiIxOCIsIl9hdXRoX3VzZXJfaGFzaCI6IjdmODYxMDVjZmI3OGU3M2MwODczZTNiZWRhNTEyNDA1NmFlNDIyOGMiLCJfYXV0aF91c2VyX2JhY2tlbmQiOiJkamFuZ28uY29udHJpYi5hdXRoLmJhY2tlbmRzLk1vZGVsQmFja2VuZCJ9",
        "expire_date": "2016-08-02T20:17:00.559Z"
    }
},
{
    "model": "sessions.session",
    "pk": "binfp8rl1f4fs2y6szmefol60gr7030h",
    "fields": {
        "session_data": "ZTYxOGVlMTI2NmJlZjVmMzBjMDhiODNjMmY0MDBkMjY1NWE1ZTZlODp7Il9hdXRoX3VzZXJfYmFja2VuZCI6ImRqYW5nby5jb250cmliLmF1dGguYmFja2VuZHMuTW9kZWxCYWNrZW5kIiwiX2F1dGhfdXNlcl9oYXNoIjoiN2MwMTA2NzQyNmI1YjgzN2NjM2MwYTVhNmM3MTFjMWU3ODgxM2UyMSIsIl9hdXRoX3VzZXJfaWQiOiIxNCJ9",
        "expire_date": "2016-08-02T17:03:36.682Z"
    }
},
{
    "model": "core.repository",
    "pk": 4,
    "fields": {
        "title": "Porter Web",
        "project": 3,
        "description": "Description"
    }
},
{
    "model": "core.repository",
    "pk": 5,
    "fields": {
        "title": "Porter Core",
        "project": 3,
        "description": "Description"
    }
},
{
    "model": "core.repository",
    "pk": 7,
    "fields": {
        "title": "Test repository",
        "project": 4,
        "description": "Test repository description"
    }
},
{
    "model": "core.repository",
    "pk": 8,
    "fields": {
        "title": "Big evolution system",
        "project": 5,
        "description": "A big evolution system"
    }
},
{
    "model": "core.repository",
    "pk": 9,
    "fields": {
        "title": "Bernoull's scheduler",
        "project": 6,
        "description": "Chemical reagent map scheduler"
    }
},
{
    "model": "core.repository",
    "pk": 10,
    "fields": {
        "title": "Jepsen core",
        "project": 7,
        "description": "Jepsen core"
    }
},
{
    "model": "core.repository",
    "pk": 11,
    "fields": {
        "title": "Peter repo",
        "project": 8,
        "description": "dasdsad"
    }
},
{
    "model": "core.repository",
    "pk": 12,
    "fields": {
        "title": "JansenPlus repo",
        "project": 9,
        "description": "JansenPlus core"
    }
},
{
    "model": "core.milestone",
    "pk": 1,
    "fields": {
        "title": "Milestone1",
        "repository": 5,
        "description": "Milestone1 description"
    }
},
{
    "model": "core.milestone",
    "pk": 2,
    "fields": {
        "title": "Milestone2",
        "repository": 5,
        "description": "Milestone2 description"
    }
},
{
    "model": "core.label",
    "pk": 2,
    "fields": {
        "title": "bugfix",
        "project": 4,
        "color": "#33ff77"
    }
},
{
    "model": "core.label",
    "pk": 3,
    "fields": {
        "title": "bugfix",
        "project": 4,
        "color": "#33ff77"
    }
},
{
    "model": "core.label",
    "pk": 4,
    "fields": {
        "title": "bug",
        "project": null,
        "color": "#ff0000"
    }
},
{
    "model": "core.label",
    "pk": 5,
    "fields": {
        "title": "help needed",
        "project": null,
        "color": "#33ff77"
    }
},
{
    "model": "auth.permission",
    "pk": 1,
    "fields": {
        "name": "Can add log entry",
        "content_type": 1,
        "codename": "add_logentry"
    }
},
{
    "model": "auth.permission",
    "pk": 2,
    "fields": {
        "name": "Can change log entry",
        "content_type": 1,
        "codename": "change_logentry"
    }
},
{
    "model": "auth.permission",
    "pk": 3,
    "fields": {
        "name": "Can delete log entry",
        "content_type": 1,
        "codename": "delete_logentry"
    }
},
{
    "model": "auth.permission",
    "pk": 4,
    "fields": {
        "name": "Can add permission",
        "content_type": 2,
        "codename": "add_permission"
    }
},
{
    "model": "auth.permission",
    "pk": 5,
    "fields": {
        "name": "Can change permission",
        "content_type": 2,
        "codename": "change_permission"
    }
},
{
    "model": "auth.permission",
    "pk": 6,
    "fields": {
        "name": "Can delete permission",
        "content_type": 2,
        "codename": "delete_permission"
    }
},
{
    "model": "auth.permission",
    "pk": 7,
    "fields": {
        "name": "Can add group",
        "content_type": 3,
        "codename": "add_group"
    }
},
{
    "model": "auth.permission",
    "pk": 8,
    "fields": {
        "name": "Can change group",
        "content_type": 3,
        "codename": "change_group"
    }
},
{
    "model": "auth.permission",
    "pk": 9,
    "fields": {
        "name": "Can delete group",
        "content_type": 3,
        "codename": "delete_group"
    }
},
{
    "model": "auth.permission",
    "pk": 10,
    "fields": {
        "name": "Can add user",
        "content_type": 4,
        "codename": "add_user"
    }
},
{
    "model": "auth.permission",
    "pk": 11,
    "fields": {
        "name": "Can change user",
        "content_type": 4,
        "codename": "change_user"
    }
},
{
    "model": "auth.permission",
    "pk": 12,
    "fields": {
        "name": "Can delete user",
        "content_type": 4,
        "codename": "delete_user"
    }
},
{
    "model": "auth.permission",
    "pk": 13,
    "fields": {
        "name": "Can add content type",
        "content_type": 5,
        "codename": "add_contenttype"
    }
},
{
    "model": "auth.permission",
    "pk": 14,
    "fields": {
        "name": "Can change content type",
        "content_type": 5,
        "codename": "change_contenttype"
    }
},
{
    "model": "auth.permission",
    "pk": 15,
    "fields": {
        "name": "Can delete content type",
        "content_type": 5,
        "codename": "delete_contenttype"
    }
},
{
    "model": "auth.permission",
    "pk": 16,
    "fields": {
        "name": "Can add session",
        "content_type": 6,
        "codename": "add_session"
    }
},
{
    "model": "auth.permission",
    "pk": 17,
    "fields": {
        "name": "Can change session",
        "content_type": 6,
        "codename": "change_session"
    }
},
{
    "model": "auth.permission",
    "pk": 18,
    "fields": {
        "name": "Can delete session",
        "content_type": 6,
        "codename": "delete_session"
    }
},
{
    "model": "auth.permission",
    "pk": 19,
    "fields": {
        "name": "Can add porter user",
        "content_type": 7,
        "codename": "add_porteruser"
    }
},
{
    "model": "auth.permission",
    "pk": 20,
    "fields": {
        "name": "Can change porter user",
        "content_type": 7,
        "codename": "change_porteruser"
    }
},
{
    "model": "auth.permission",
    "pk": 21,
    "fields": {
        "name": "Can delete porter user",
        "content_type": 7,
        "codename": "delete_porteruser"
    }
},
{
    "model": "auth.permission",
    "pk": 22,
    "fields": {
        "name": "Can access detailed view for users.",
        "content_type": 7,
        "codename": "read_user"
    }
},
{
    "model": "auth.permission",
    "pk": 23,
    "fields": {
        "name": "Can access the user application.",
        "content_type": 7,
        "codename": "view_user"
    }
},
{
    "model": "auth.permission",
    "pk": 24,
    "fields": {
        "name": "Can access the list of project members",
        "content_type": 7,
        "codename": "view_member"
    }
},
{
    "model": "auth.permission",
    "pk": 25,
    "fields": {
        "name": "Can add members to a project",
        "content_type": 7,
        "codename": "add_member"
    }
},
{
    "model": "auth.permission",
    "pk": 26,
    "fields": {
        "name": "Can remove members from a project",
        "content_type": 7,
        "codename": "remove_member"
    }
},
{
    "model": "auth.permission",
    "pk": 27,
    "fields": {
        "name": "Can assign roles to members",
        "content_type": 7,
        "codename": "assign_role"
    }
},
{
    "model": "auth.permission",
    "pk": 28,
    "fields": {
        "name": "Can add project",
        "content_type": 8,
        "codename": "add_project"
    }
},
{
    "model": "auth.permission",
    "pk": 29,
    "fields": {
        "name": "Can change project",
        "content_type": 8,
        "codename": "change_project"
    }
},
{
    "model": "auth.permission",
    "pk": 30,
    "fields": {
        "name": "Can delete project",
        "content_type": 8,
        "codename": "delete_project"
    }
},
{
    "model": "auth.permission",
    "pk": 31,
    "fields": {
        "name": "Can view all existing projects.",
        "content_type": 8,
        "codename": "view_projects"
    }
},
{
    "model": "auth.permission",
    "pk": 32,
    "fields": {
        "name": "Can add repository",
        "content_type": 9,
        "codename": "add_repository"
    }
},
{
    "model": "auth.permission",
    "pk": 33,
    "fields": {
        "name": "Can change repository",
        "content_type": 9,
        "codename": "change_repository"
    }
},
{
    "model": "auth.permission",
    "pk": 34,
    "fields": {
        "name": "Can delete repository",
        "content_type": 9,
        "codename": "delete_repository"
    }
},
{
    "model": "auth.permission",
    "pk": 35,
    "fields": {
        "name": "Can see repositories inside a project.",
        "content_type": 9,
        "codename": "view_repository"
    }
},
{
    "model": "auth.permission",
    "pk": 36,
    "fields": {
        "name": "Can add milestone",
        "content_type": 10,
        "codename": "add_milestone"
    }
},
{
    "model": "auth.permission",
    "pk": 37,
    "fields": {
        "name": "Can change milestone",
        "content_type": 10,
        "codename": "change_milestone"
    }
},
{
    "model": "auth.permission",
    "pk": 38,
    "fields": {
        "name": "Can delete milestone",
        "content_type": 10,
        "codename": "delete_milestone"
    }
},
{
    "model": "auth.permission",
    "pk": 39,
    "fields": {
        "name": "Can see milestone.",
        "content_type": 10,
        "codename": "view_milestone"
    }
},
{
    "model": "auth.permission",
    "pk": 40,
    "fields": {
        "name": "Can add label",
        "content_type": 11,
        "codename": "add_label"
    }
},
{
    "model": "auth.permission",
    "pk": 41,
    "fields": {
        "name": "Can change label",
        "content_type": 11,
        "codename": "change_label"
    }
},
{
    "model": "auth.permission",
    "pk": 42,
    "fields": {
        "name": "Can delete label",
        "content_type": 11,
        "codename": "delete_label"
    }
},
{
    "model": "auth.permission",
    "pk": 43,
    "fields": {
        "name": "Can see labels.",
        "content_type": 11,
        "codename": "view_label"
    }
},
{
    "model": "auth.permission",
    "pk": 44,
    "fields": {
        "name": "Can add issue",
        "content_type": 12,
        "codename": "add_issue"
    }
},
{
    "model": "auth.permission",
    "pk": 45,
    "fields": {
        "name": "Can change issue",
        "content_type": 12,
        "codename": "change_issue"
    }
},
{
    "model": "auth.permission",
    "pk": 46,
    "fields": {
        "name": "Can delete issue",
        "content_type": 12,
        "codename": "delete_issue"
    }
},
{
    "model": "auth.permission",
    "pk": 47,
    "fields": {
        "name": "Can view issues inside a project.",
        "content_type": 12,
        "codename": "view_issue"
    }
},
{
    "model": "auth.permission",
    "pk": 48,
    "fields": {
        "name": "Can only change owned issues",
        "content_type": 12,
        "codename": "can_change_own_issue"
    }
},
{
    "model": "auth.permission",
    "pk": 49,
    "fields": {
        "name": "Can only delete owned issues",
        "content_type": 12,
        "codename": "can_delete_own_issue"
    }
},
{
    "model": "auth.permission",
    "pk": 50,
    "fields": {
        "name": "Can only close owned issues",
        "content_type": 12,
        "codename": "can_close_own_issue"
    }
},
{
    "model": "auth.permission",
    "pk": 51,
    "fields": {
        "name": "Can close issues",
        "content_type": 12,
        "codename": "can_close_issue"
    }
},
{
    "model": "auth.permission",
    "pk": 52,
    "fields": {
        "name": "Can add user project role",
        "content_type": 13,
        "codename": "add_userprojectrole"
    }
},
{
    "model": "auth.permission",
    "pk": 53,
    "fields": {
        "name": "Can change user project role",
        "content_type": 13,
        "codename": "change_userprojectrole"
    }
},
{
    "model": "auth.permission",
    "pk": 54,
    "fields": {
        "name": "Can delete user project role",
        "content_type": 13,
        "codename": "delete_userprojectrole"
    }
},
{
    "model": "auth.permission",
    "pk": 55,
    "fields": {
        "name": "Can access detailed view for user project role.",
        "content_type": 13,
        "codename": "read_userprojectrole"
    }
},
{
    "model": "auth.permission",
    "pk": 56,
    "fields": {
        "name": "Can access the user project role application.",
        "content_type": 13,
        "codename": "view_userprojectrole"
    }
},
{
    "model": "auth.permission",
    "pk": 57,
    "fields": {
        "name": "Can add issue log",
        "content_type": 14,
        "codename": "add_issuelog"
    }
},
{
    "model": "auth.permission",
    "pk": 58,
    "fields": {
        "name": "Can change issue log",
        "content_type": 14,
        "codename": "change_issuelog"
    }
},
{
    "model": "auth.permission",
    "pk": 59,
    "fields": {
        "name": "Can delete issue log",
        "content_type": 14,
        "codename": "delete_issuelog"
    }
},
{
    "model": "auth.permission",
    "pk": 60,
    "fields": {
        "name": "Can access detailed view for issue logs.",
        "content_type": 14,
        "codename": "read_issuelog"
    }
},
{
    "model": "auth.permission",
    "pk": 61,
    "fields": {
        "name": "Can access the issue log application.",
        "content_type": 14,
        "codename": "view_issuelog"
    }
},
{
    "model": "auth.permission",
    "pk": 62,
    "fields": {
        "name": "Can add porter group",
        "content_type": 3,
        "codename": "add_portergroup"
    }
},
{
    "model": "auth.permission",
    "pk": 63,
    "fields": {
        "name": "Can change porter group",
        "content_type": 3,
        "codename": "change_portergroup"
    }
},
{
    "model": "auth.permission",
    "pk": 64,
    "fields": {
        "name": "Can delete porter group",
        "content_type": 3,
        "codename": "delete_portergroup"
    }
},
{
    "model": "auth.permission",
    "pk": 65,
    "fields": {
        "name": "Can access detailed view for groups.",
        "content_type": 3,
        "codename": "read_group"
    }
},
{
    "model": "auth.permission",
    "pk": 66,
    "fields": {
        "name": "Can access the group application.",
        "content_type": 3,
        "codename": "view_group"
    }
},
{
    "model": "auth.permission",
    "pk": 67,
    "fields": {
        "name": "Can add comment",
        "content_type": 15,
        "codename": "add_comment"
    }
},
{
    "model": "auth.permission",
    "pk": 68,
    "fields": {
        "name": "Can change comment",
        "content_type": 15,
        "codename": "change_comment"
    }
},
{
    "model": "auth.permission",
    "pk": 69,
    "fields": {
        "name": "Can delete comment",
        "content_type": 15,
        "codename": "delete_comment"
    }
},
{
    "model": "auth.group",
    "pk": 5,
    "fields": {
        "name": "Project owner",
        "permissions": [
            44,
            51,
            45,
            46,
            47,
            41,
            36,
            37,
            38,
            39,
            25,
            27,
            26,
            24,
            28,
            29,
            30,
            31,
            32,
            33,
            34,
            35
        ]
    }
},
{
    "model": "auth.group",
    "pk": 6,
    "fields": {
        "name": "Project lead",
        "permissions": [
            44,
            51,
            45,
            46,
            47,
            36,
            37,
            38,
            39,
            25,
            27,
            26,
            24,
            28,
            29,
            31,
            32,
            33,
            35
        ]
    }
},
{
    "model": "auth.group",
    "pk": 7,
    "fields": {
        "name": "Developer",
        "permissions": [
            44,
            48,
            50,
            49,
            47,
            39,
            35
        ]
    }
},
{
    "model": "auth.group",
    "pk": 8,
    "fields": {
        "name": "Guest",
        "permissions": [
            31
        ]
    }
},
{
    "model": "auth.user",
    "pk": 1,
    "fields": {
        "password": "pbkdf2_sha256$24000$25bhtgetNcEb$dXCGaWueL4leEchTmwatQEjssKUz0q2QmAxsU4eFhb0=",
        "last_login": "2016-07-19T15:48:30Z",
        "is_superuser": true,
        "username": "novak",
        "first_name": "",
        "last_name": "",
        "email": "novak@novak.com",
        "is_staff": true,
        "is_active": true,
        "date_joined": "2016-07-19T15:48:25Z",
        "groups": [],
        "user_permissions": [
            1,
            2,
            3,
            7,
            62,
            8,
            63,
            9,
            64,
            65,
            66,
            4,
            5,
            6,
            10,
            11,
            12,
            13,
            14,
            15,
            67,
            68,
            69,
            44,
            48,
            51,
            50,
            49,
            45,
            46,
            47,
            57,
            58,
            59,
            60,
            61,
            40,
            41,
            42,
            43,
            36,
            37,
            38,
            39,
            25,
            19,
            27,
            20,
            21,
            22,
            26,
            24,
            23,
            28,
            29,
            30,
            31,
            32,
            33,
            34,
            35,
            52,
            53,
            54,
            55,
            56,
            16,
            17,
            18
        ]
    }
},
{
    "model": "auth.user",
    "pk": 7,
    "fields": {
        "password": "pbkdf2_sha256$24000$mrGd6hcmT2eF$oBXOO62dKGbC2+xuHpab0CqrMRl/lA7yTvIXY0iQawc=",
        "last_login": "2016-07-15T17:59:10.342Z",
        "is_superuser": true,
        "username": "porter",
        "first_name": "Lazar",
        "last_name": "Nikoli\u0107",
        "email": "",
        "is_staff": true,
        "is_active": true,
        "date_joined": "2016-04-29T15:25:41.774Z",
        "groups": [],
        "user_permissions": []
    }
},
{
    "model": "auth.user",
    "pk": 8,
    "fields": {
        "password": "pbkdf2_sha256$24000$3tIY02nFk6tm$rsDjswGS5M3qRcSgLCml34bbQkkYMWq2TvPp90oIbKw=",
        "last_login": "2016-06-14T12:12:47.321Z",
        "is_superuser": false,
        "username": "owner",
        "first_name": "Owner",
        "last_name": "Ownerovski",
        "email": "",
        "is_staff": false,
        "is_active": true,
        "date_joined": "2016-04-29T15:30:12Z",
        "groups": [],
        "user_permissions": []
    }
},
{
    "model": "auth.user",
    "pk": 9,
    "fields": {
        "password": "pbkdf2_sha256$24000$kmlvlJ39y8C2$Mw7UwCDfFWxYnh5jGdFnCFuizYNDqFrdmJ9huyBa67I=",
        "last_login": "2016-05-12T11:11:41.137Z",
        "is_superuser": false,
        "username": "lead",
        "first_name": "",
        "last_name": "",
        "email": "",
        "is_staff": false,
        "is_active": true,
        "date_joined": "2016-04-29T15:30:19.998Z",
        "groups": [],
        "user_permissions": []
    }
},
{
    "model": "auth.user",
    "pk": 10,
    "fields": {
        "password": "pbkdf2_sha256$24000$eNNEYjiGKvAp$qLlBSI+8jpT8WqbayjxlsTvlvPclFjvEKI1xwfy9YWM=",
        "last_login": "2016-05-12T11:11:16.352Z",
        "is_superuser": false,
        "username": "developer",
        "first_name": "",
        "last_name": "",
        "email": "",
        "is_staff": false,
        "is_active": true,
        "date_joined": "2016-04-29T15:30:29.670Z",
        "groups": [],
        "user_permissions": []
    }
},
{
    "model": "auth.user",
    "pk": 11,
    "fields": {
        "password": "pbkdf2_sha256$24000$acbV604hkdPo$f78sfJ/grAxtkWli4bEHiV83/uv5kjrDX1rerhZ60Hg=",
        "last_login": "2016-05-01T18:42:18.589Z",
        "is_superuser": false,
        "username": "guest",
        "first_name": "",
        "last_name": "",
        "email": "",
        "is_staff": false,
        "is_active": true,
        "date_joined": "2016-04-29T15:30:38.670Z",
        "groups": [],
        "user_permissions": []
    }
},
{
    "model": "auth.user",
    "pk": 12,
    "fields": {
        "password": "pbkdf2_sha256$24000$fwG5L1unTDMl$/yNjbYUPO9gUMYDDk5yxgnng03itF92tamX3Vb1CFTA=",
        "last_login": "2016-05-08T21:42:59.033Z",
        "is_superuser": false,
        "username": "test",
        "first_name": "test",
        "last_name": "test",
        "email": "",
        "is_staff": false,
        "is_active": true,
        "date_joined": "2016-05-05T09:13:04.601Z",
        "groups": [],
        "user_permissions": []
    }
},
{
    "model": "auth.user",
    "pk": 13,
    "fields": {
        "password": "pbkdf2_sha256$24000$S5G8YcIs54kf$ubx2X8iF0E0jjb+U2rBneagzmyUJ7gf+S5FSPIkUJWw=",
        "last_login": null,
        "is_superuser": false,
        "username": "newbie",
        "first_name": "",
        "last_name": "",
        "email": "",
        "is_staff": false,
        "is_active": true,
        "date_joined": "2016-07-19T16:34:16.327Z",
        "groups": [],
        "user_permissions": []
    }
},
{
    "model": "auth.user",
    "pk": 14,
    "fields": {
        "password": "pbkdf2_sha256$24000$s0mXcz3SRZlM$krfpYppFt0sQt0ogdks8TXBMadRWSo1g8nv3Gj0T43A=",
        "last_login": "2016-07-19T17:03:36.598Z",
        "is_superuser": false,
        "username": "jonas",
        "first_name": "",
        "last_name": "",
        "email": "",
        "is_staff": false,
        "is_active": true,
        "date_joined": "2016-07-19T16:50:26.465Z",
        "groups": [],
        "user_permissions": []
    }
},
{
    "model": "auth.user",
    "pk": 15,
    "fields": {
        "password": "pbkdf2_sha256$24000$tS5d7P9WJPdd$eeQzTOfNxsgVmJEPe1r9APTlOPNZNa3znYHdYEfCGPw=",
        "last_login": "2016-07-19T17:28:05.524Z",
        "is_superuser": false,
        "username": "bernoulli",
        "first_name": "",
        "last_name": "",
        "email": "",
        "is_staff": false,
        "is_active": true,
        "date_joined": "2016-07-19T17:24:29.409Z",
        "groups": [],
        "user_permissions": []
    }
},
{
    "model": "auth.user",
    "pk": 16,
    "fields": {
        "password": "pbkdf2_sha256$24000$wZQfpnVjLWtl$vTsjeHJr+8Lnvjs+mJP0pY8IfwG4Yka1tq73tdf3oR8=",
        "last_login": "2016-07-19T20:09:49.687Z",
        "is_superuser": false,
        "username": "apyr",
        "first_name": "",
        "last_name": "",
        "email": "",
        "is_staff": false,
        "is_active": true,
        "date_joined": "2016-07-19T18:05:36.161Z",
        "groups": [],
        "user_permissions": []
    }
},
{
    "model": "auth.user",
    "pk": 17,
    "fields": {
        "password": "pbkdf2_sha256$24000$30VFyQrxGU1o$ZewHfPLGbQ42Yd1OJnJVUR5waY1xxOju//xTk/OIpSI=",
        "last_login": "2016-07-19T20:10:35.744Z",
        "is_superuser": false,
        "username": "peter",
        "first_name": "",
        "last_name": "",
        "email": "",
        "is_staff": false,
        "is_active": true,
        "date_joined": "2016-07-19T19:46:31.319Z",
        "groups": [],
        "user_permissions": []
    }
},
{
    "model": "auth.user",
    "pk": 18,
    "fields": {
        "password": "pbkdf2_sha256$24000$UvxlULgFbgNc$o08NqodAi0TY284s7JuwtRngXU8G+N0UBsPhl7f3wpU=",
        "last_login": "2016-07-19T20:17:00.460Z",
        "is_superuser": false,
        "username": "aphyr",
        "first_name": "",
        "last_name": "",
        "email": "",
        "is_staff": false,
        "is_active": true,
        "date_joined": "2016-07-19T20:14:19.173Z",
        "groups": [],
        "user_permissions": []
    }
},
{
    "model": "core.porteruser",
    "pk": 1,
    "fields": {
        "user": 12,
        "picture": "users/Screenshot_from_2016-05-06_230354_TqpgoGM.png"
    }
},
{
    "model": "core.porteruser",
    "pk": 2,
    "fields": {
        "user": 8,
        "picture": "users/owner.jpg"
    }
},
{
    "model": "core.porteruser",
    "pk": 3,
    "fields": {
        "user": 9,
        "picture": "users/leader-2_djjDKdq.jpg"
    }
},
{
    "model": "core.porteruser",
    "pk": 4,
    "fields": {
        "user": 7,
        "picture": "users/owner_HwIG4RS.jpg"
    }
},
{
    "model": "core.porteruser",
    "pk": 5,
    "fields": {
        "user": 13,
        "picture": "users/Selection_002.png"
    }
},
{
    "model": "core.porteruser",
    "pk": 6,
    "fields": {
        "user": 14,
        "picture": "users/Selection_002_6Bm95Uc.png"
    }
},
{
    "model": "core.porteruser",
    "pk": 7,
    "fields": {
        "user": 1,
        "picture": "users/Selection_004.png"
    }
},
{
    "model": "core.porteruser",
    "pk": 8,
    "fields": {
        "user": 15,
        "picture": "users/Selection_001.png"
    }
},
{
    "model": "core.porteruser",
    "pk": 9,
    "fields": {
        "user": 16,
        "picture": "users/Selection_002_4b68t5S.png"
    }
},
{
    "model": "core.porteruser",
    "pk": 10,
    "fields": {
        "user": 17,
        "picture": "users/Selection_002_l4EmxR6.png"
    }
},
{
    "model": "core.porteruser",
    "pk": 11,
    "fields": {
        "user": 18,
        "picture": "users/Selection_001_6Uo9wnZ.png"
    }
},
{
    "model": "core.project",
    "pk": 3,
    "fields": {
        "title": "Porter",
        "description": "A small tool to help you blah blah",
        "users": [
            7,
            8,
            9,
            10
        ]
    }
},
{
    "model": "core.project",
    "pk": 4,
    "fields": {
        "title": "Test",
        "description": "Test description",
        "users": [
            8
        ]
    }
},
{
    "model": "core.project",
    "pk": 5,
    "fields": {
        "title": "Big one",
        "description": "a big project",
        "users": [
            1,
            14
        ]
    }
},
{
    "model": "core.project",
    "pk": 6,
    "fields": {
        "title": "Personal project",
        "description": "bernoulli's personal project",
        "users": [
            15
        ]
    }
},
{
    "model": "core.project",
    "pk": 7,
    "fields": {
        "title": "Jepsen",
        "description": "breaks distributed systems so you don't have to",
        "users": [
            16
        ]
    }
},
{
    "model": "core.project",
    "pk": 8,
    "fields": {
        "title": "Peter proj",
        "description": "sda",
        "users": [
            12,
            17
        ]
    }
},
{
    "model": "core.project",
    "pk": 9,
    "fields": {
        "title": "JepsenPlus",
        "description": "breaks distributed systems so you don't have to",
        "users": [
            18
        ]
    }
},
{
    "model": "core.issue",
    "pk": 1,
    "fields": {
        "title": "Fix this",
        "creator": 8,
        "assignee": 10,
        "repository": 5,
        "milestone": null,
        "description": "Description",
        "status": "Opened",
        "labels": [
            2
        ]
    }
},
{
    "model": "core.issue",
    "pk": 2,
    "fields": {
        "title": "Issue1",
        "creator": 8,
        "assignee": 10,
        "repository": 5,
        "milestone": 1,
        "description": "Issue1 description",
        "status": "Opened",
        "labels": [
            2
        ]
    }
},
{
    "model": "core.issue",
    "pk": 3,
    "fields": {
        "title": "Make this",
        "creator": 1,
        "assignee": 14,
        "repository": 8,
        "milestone": null,
        "description": "desk",
        "status": "Assigned",
        "labels": [
            5
        ]
    }
},
{
    "model": "core.issue",
    "pk": 4,
    "fields": {
        "title": "Make that",
        "creator": 1,
        "assignee": 14,
        "repository": 8,
        "milestone": null,
        "description": "jiko",
        "status": "Assigned",
        "labels": [
            4
        ]
    }
},
{
    "model": "core.issue",
    "pk": 5,
    "fields": {
        "title": "Do this",
        "creator": 1,
        "assignee": 14,
        "repository": 8,
        "milestone": null,
        "description": "do",
        "status": "Assigned",
        "labels": [
            5
        ]
    }
},
{
    "model": "core.issue",
    "pk": 6,
    "fields": {
        "title": "Do that",
        "creator": 1,
        "assignee": 14,
        "repository": 8,
        "milestone": null,
        "description": "this and that",
        "status": "Assigned",
        "labels": [
            4
        ]
    }
},
{
    "model": "core.issue",
    "pk": 7,
    "fields": {
        "title": "Don't do this",
        "creator": 1,
        "assignee": 14,
        "repository": 8,
        "milestone": null,
        "description": "dunno!",
        "status": "Assigned",
        "labels": [
            4
        ]
    }
},
{
    "model": "core.issue",
    "pk": 8,
    "fields": {
        "title": "Arbitrary thing",
        "creator": 1,
        "assignee": 14,
        "repository": 8,
        "milestone": null,
        "description": "If you want...",
        "status": "Assigned",
        "labels": [
            5
        ]
    }
},
{
    "model": "core.issue",
    "pk": 18,
    "fields": {
        "title": "mmmmmmmmmmm",
        "creator": 17,
        "assignee": 12,
        "repository": 11,
        "milestone": null,
        "description": "asdads",
        "status": "Assigned",
        "labels": [
            4
        ]
    }
},
{
    "model": "core.userprojectrole",
    "pk": 6,
    "fields": {
        "role": 6,
        "user": 9,
        "project": 3
    }
},
{
    "model": "core.userprojectrole",
    "pk": 7,
    "fields": {
        "role": 5,
        "user": 8,
        "project": 3
    }
},
{
    "model": "core.userprojectrole",
    "pk": 9,
    "fields": {
        "role": 7,
        "user": 10,
        "project": 3
    }
},
{
    "model": "core.userprojectrole",
    "pk": 10,
    "fields": {
        "role": 5,
        "user": 8,
        "project": 4
    }
},
{
    "model": "core.userprojectrole",
    "pk": 11,
    "fields": {
        "role": 5,
        "user": 1,
        "project": 5
    }
},
{
    "model": "core.userprojectrole",
    "pk": 12,
    "fields": {
        "role": 6,
        "user": 14,
        "project": 5
    }
},
{
    "model": "core.userprojectrole",
    "pk": 13,
    "fields": {
        "role": 5,
        "user": 15,
        "project": 6
    }
},
{
    "model": "core.userprojectrole",
    "pk": 14,
    "fields": {
        "role": 5,
        "user": 16,
        "project": 7
    }
},
{
    "model": "core.userprojectrole",
    "pk": 15,
    "fields": {
        "role": 5,
        "user": 17,
        "project": 8
    }
},
{
    "model": "core.userprojectrole",
    "pk": 16,
    "fields": {
        "role": 7,
        "user": 12,
        "project": 8
    }
},
{
    "model": "core.userprojectrole",
    "pk": 17,
    "fields": {
        "role": 5,
        "user": 18,
        "project": 9
    }
},
{
    "model": "core.issuelog",
    "pk": 1,
    "fields": {
        "content": "owner created the issue.",
        "log_type": 1,
        "object_user": 8,
        "subject_user": 10,
        "issue": 1,
        "date_modified": "2016-05-01T14:33:17.086Z"
    }
},
{
    "model": "core.issuelog",
    "pk": 2,
    "fields": {
        "content": "novak created the issue Make this",
        "log_type": 1,
        "object_user": 14,
        "subject_user": 1,
        "issue": 3,
        "date_modified": "2016-07-19T17:01:02.840Z"
    }
},
{
    "model": "core.issuelog",
    "pk": 3,
    "fields": {
        "content": "novak created the issue Make that",
        "log_type": 1,
        "object_user": 14,
        "subject_user": 1,
        "issue": 4,
        "date_modified": "2016-07-19T17:01:27.494Z"
    }
},
{
    "model": "core.issuelog",
    "pk": 4,
    "fields": {
        "content": "novak created the issue Do this",
        "log_type": 1,
        "object_user": 14,
        "subject_user": 1,
        "issue": 5,
        "date_modified": "2016-07-19T17:01:42.749Z"
    }
},
{
    "model": "core.issuelog",
    "pk": 5,
    "fields": {
        "content": "novak created the issue Do that",
        "log_type": 1,
        "object_user": 14,
        "subject_user": 1,
        "issue": 6,
        "date_modified": "2016-07-19T17:02:04.484Z"
    }
},
{
    "model": "core.issuelog",
    "pk": 6,
    "fields": {
        "content": "novak created the issue Don't do this",
        "log_type": 1,
        "object_user": 14,
        "subject_user": 1,
        "issue": 7,
        "date_modified": "2016-07-19T17:02:27.837Z"
    }
},
{
    "model": "core.issuelog",
    "pk": 7,
    "fields": {
        "content": "novak created the issue Arbitrary thing",
        "log_type": 1,
        "object_user": 14,
        "subject_user": 1,
        "issue": 8,
        "date_modified": "2016-07-19T17:02:58.058Z"
    }
},
{
    "model": "core.issuelog",
    "pk": 26,
    "fields": {
        "content": "aphyr created the issue PSQL integration",
        "log_type": 1,
        "object_user": 18,
        "subject_user": 18,
        "issue": null,
        "date_modified": "2016-07-19T20:17:48.713Z"
    }
},
{
    "model": "core.issuelog",
    "pk": 27,
    "fields": {
        "content": "aphyr deleted the issue PSQL integration",
        "log_type": 5,
        "object_user": 18,
        "subject_user": 18,
        "issue": null,
        "date_modified": "2016-07-19T20:17:59.518Z"
    }
},
{
    "model": "admin.logentry",
    "pk": 1,
    "fields": {
        "action_time": "2016-07-19T16:34:16.396Z",
        "user": 1,
        "content_type": 4,
        "object_id": "13",
        "object_repr": "newbie",
        "action_flag": 1,
        "change_message": "Added."
    }
},
{
    "model": "admin.logentry",
    "pk": 2,
    "fields": {
        "action_time": "2016-07-19T16:35:10.244Z",
        "user": 1,
        "content_type": 7,
        "object_id": "5",
        "object_repr": "newbie",
        "action_flag": 1,
        "change_message": "Added."
    }
},
{
    "model": "admin.logentry",
    "pk": 3,
    "fields": {
        "action_time": "2016-07-19T16:50:26.539Z",
        "user": 1,
        "content_type": 4,
        "object_id": "14",
        "object_repr": "jonas",
        "action_flag": 1,
        "change_message": "Added."
    }
},
{
    "model": "admin.logentry",
    "pk": 4,
    "fields": {
        "action_time": "2016-07-19T16:51:12.020Z",
        "user": 1,
        "content_type": 7,
        "object_id": "6",
        "object_repr": "jonas",
        "action_flag": 1,
        "change_message": "Added."
    }
},
{
    "model": "admin.logentry",
    "pk": 5,
    "fields": {
        "action_time": "2016-07-19T16:51:59.831Z",
        "user": 1,
        "content_type": 8,
        "object_id": "5",
        "object_repr": "Big one",
        "action_flag": 1,
        "change_message": "Added."
    }
},
{
    "model": "admin.logentry",
    "pk": 6,
    "fields": {
        "action_time": "2016-07-19T16:53:03.263Z",
        "user": 1,
        "content_type": 7,
        "object_id": "7",
        "object_repr": "novak",
        "action_flag": 1,
        "change_message": "Added."
    }
},
{
    "model": "admin.logentry",
    "pk": 7,
    "fields": {
        "action_time": "2016-07-19T16:55:06.542Z",
        "user": 1,
        "content_type": 9,
        "object_id": "8",
        "object_repr": "Big evolution system",
        "action_flag": 1,
        "change_message": "Added."
    }
},
{
    "model": "admin.logentry",
    "pk": 8,
    "fields": {
        "action_time": "2016-07-19T16:55:59.204Z",
        "user": 1,
        "content_type": 8,
        "object_id": "5",
        "object_repr": "Big one",
        "action_flag": 2,
        "change_message": "No fields changed."
    }
},
{
    "model": "admin.logentry",
    "pk": 9,
    "fields": {
        "action_time": "2016-07-19T16:56:47.559Z",
        "user": 1,
        "content_type": 4,
        "object_id": "1",
        "object_repr": "novak",
        "action_flag": 2,
        "change_message": "Changed user_permissions."
    }
},
{
    "model": "admin.logentry",
    "pk": 10,
    "fields": {
        "action_time": "2016-07-19T17:00:11.782Z",
        "user": 1,
        "content_type": 13,
        "object_id": "11",
        "object_repr": "Role: Project owner; User: novak; Project: Big one",
        "action_flag": 1,
        "change_message": "Added."
    }
},
{
    "model": "admin.logentry",
    "pk": 11,
    "fields": {
        "action_time": "2016-07-19T17:00:27.265Z",
        "user": 1,
        "content_type": 13,
        "object_id": "12",
        "object_repr": "Role: Project lead; User: jonas; Project: Big one",
        "action_flag": 1,
        "change_message": "Added."
    }
},
{
    "model": "admin.logentry",
    "pk": 12,
    "fields": {
        "action_time": "2016-07-19T17:24:29.480Z",
        "user": 1,
        "content_type": 4,
        "object_id": "15",
        "object_repr": "bernoulli",
        "action_flag": 1,
        "change_message": "Added."
    }
},
{
    "model": "admin.logentry",
    "pk": 13,
    "fields": {
        "action_time": "2016-07-19T17:24:49.162Z",
        "user": 1,
        "content_type": 7,
        "object_id": "8",
        "object_repr": "bernoulli",
        "action_flag": 1,
        "change_message": "Added."
    }
},
{
    "model": "admin.logentry",
    "pk": 14,
    "fields": {
        "action_time": "2016-07-19T17:25:24.902Z",
        "user": 1,
        "content_type": 8,
        "object_id": "6",
        "object_repr": "Personal project",
        "action_flag": 1,
        "change_message": "Added."
    }
},
{
    "model": "admin.logentry",
    "pk": 15,
    "fields": {
        "action_time": "2016-07-19T17:26:43.948Z",
        "user": 1,
        "content_type": 9,
        "object_id": "9",
        "object_repr": "Bernoull's scheduler",
        "action_flag": 1,
        "change_message": "Added."
    }
},
{
    "model": "admin.logentry",
    "pk": 16,
    "fields": {
        "action_time": "2016-07-19T17:27:10.436Z",
        "user": 1,
        "content_type": 13,
        "object_id": "13",
        "object_repr": "Role: Project owner; User: bernoulli; Project: Personal project",
        "action_flag": 1,
        "change_message": "Added."
    }
},
{
    "model": "admin.logentry",
    "pk": 17,
    "fields": {
        "action_time": "2016-07-19T18:05:36.237Z",
        "user": 1,
        "content_type": 4,
        "object_id": "16",
        "object_repr": "apyr",
        "action_flag": 1,
        "change_message": "Added."
    }
},
{
    "model": "admin.logentry",
    "pk": 18,
    "fields": {
        "action_time": "2016-07-19T18:05:52.916Z",
        "user": 1,
        "content_type": 7,
        "object_id": "9",
        "object_repr": "apyr",
        "action_flag": 1,
        "change_message": "Added."
    }
},
{
    "model": "admin.logentry",
    "pk": 19,
    "fields": {
        "action_time": "2016-07-19T18:09:47.612Z",
        "user": 1,
        "content_type": 8,
        "object_id": "7",
        "object_repr": "Jepsen",
        "action_flag": 1,
        "change_message": "Added."
    }
},
{
    "model": "admin.logentry",
    "pk": 20,
    "fields": {
        "action_time": "2016-07-19T18:10:13.895Z",
        "user": 1,
        "content_type": 9,
        "object_id": "10",
        "object_repr": "Jepsen core",
        "action_flag": 1,
        "change_message": "Added."
    }
},
{
    "model": "admin.logentry",
    "pk": 21,
    "fields": {
        "action_time": "2016-07-19T18:10:36.088Z",
        "user": 1,
        "content_type": 13,
        "object_id": "14",
        "object_repr": "Role: Project owner; User: apyr; Project: Jepsen",
        "action_flag": 1,
        "change_message": "Added."
    }
},
{
    "model": "admin.logentry",
    "pk": 22,
    "fields": {
        "action_time": "2016-07-19T19:46:31.386Z",
        "user": 1,
        "content_type": 4,
        "object_id": "17",
        "object_repr": "peter",
        "action_flag": 1,
        "change_message": "Added."
    }
},
{
    "model": "admin.logentry",
    "pk": 23,
    "fields": {
        "action_time": "2016-07-19T19:46:56.350Z",
        "user": 1,
        "content_type": 7,
        "object_id": "10",
        "object_repr": "peter",
        "action_flag": 1,
        "change_message": "Added."
    }
},
{
    "model": "admin.logentry",
    "pk": 24,
    "fields": {
        "action_time": "2016-07-19T19:47:23.855Z",
        "user": 1,
        "content_type": 8,
        "object_id": "8",
        "object_repr": "Peter proj",
        "action_flag": 1,
        "change_message": "Added."
    }
},
{
    "model": "admin.logentry",
    "pk": 25,
    "fields": {
        "action_time": "2016-07-19T19:47:48.603Z",
        "user": 1,
        "content_type": 9,
        "object_id": "11",
        "object_repr": "Peter repo",
        "action_flag": 1,
        "change_message": "Added."
    }
},
{
    "model": "admin.logentry",
    "pk": 26,
    "fields": {
        "action_time": "2016-07-19T19:48:12.296Z",
        "user": 1,
        "content_type": 13,
        "object_id": "15",
        "object_repr": "Role: Project owner; User: peter; Project: Peter proj",
        "action_flag": 1,
        "change_message": "Added."
    }
},
{
    "model": "admin.logentry",
    "pk": 27,
    "fields": {
        "action_time": "2016-07-19T19:48:23.671Z",
        "user": 1,
        "content_type": 13,
        "object_id": "16",
        "object_repr": "Role: Developer; User: test; Project: Peter proj",
        "action_flag": 1,
        "change_message": "Added."
    }
},
{
    "model": "admin.logentry",
    "pk": 28,
    "fields": {
        "action_time": "2016-07-19T20:13:31.240Z",
        "user": 1,
        "content_type": 14,
        "object_id": "25",
        "object_repr": "peter deleted the issue ggggg",
        "action_flag": 3,
        "change_message": ""
    }
},
{
    "model": "admin.logentry",
    "pk": 29,
    "fields": {
        "action_time": "2016-07-19T20:13:31.412Z",
        "user": 1,
        "content_type": 14,
        "object_id": "24",
        "object_repr": "peter created the issue mmmmmmmmmmm",
        "action_flag": 3,
        "change_message": ""
    }
},
{
    "model": "admin.logentry",
    "pk": 30,
    "fields": {
        "action_time": "2016-07-19T20:13:31.579Z",
        "user": 1,
        "content_type": 14,
        "object_id": "23",
        "object_repr": "peter deleted the issue dsad",
        "action_flag": 3,
        "change_message": ""
    }
},
{
    "model": "admin.logentry",
    "pk": 31,
    "fields": {
        "action_time": "2016-07-19T20:13:31.688Z",
        "user": 1,
        "content_type": 14,
        "object_id": "22",
        "object_repr": "peter created the issue ggggg",
        "action_flag": 3,
        "change_message": ""
    }
},
{
    "model": "admin.logentry",
    "pk": 32,
    "fields": {
        "action_time": "2016-07-19T20:13:31.789Z",
        "user": 1,
        "content_type": 14,
        "object_id": "21",
        "object_repr": "peter created the issue dsad",
        "action_flag": 3,
        "change_message": ""
    }
},
{
    "model": "admin.logentry",
    "pk": 33,
    "fields": {
        "action_time": "2016-07-19T20:13:31.881Z",
        "user": 1,
        "content_type": 14,
        "object_id": "20",
        "object_repr": "peter deleted the issue i1",
        "action_flag": 3,
        "change_message": ""
    }
},
{
    "model": "admin.logentry",
    "pk": 34,
    "fields": {
        "action_time": "2016-07-19T20:13:31.973Z",
        "user": 1,
        "content_type": 14,
        "object_id": "19",
        "object_repr": "peter created the issue i2",
        "action_flag": 3,
        "change_message": ""
    }
},
{
    "model": "admin.logentry",
    "pk": 35,
    "fields": {
        "action_time": "2016-07-19T20:13:32.065Z",
        "user": 1,
        "content_type": 14,
        "object_id": "18",
        "object_repr": "peter created the issue i1",
        "action_flag": 3,
        "change_message": ""
    }
},
{
    "model": "admin.logentry",
    "pk": 36,
    "fields": {
        "action_time": "2016-07-19T20:13:32.173Z",
        "user": 1,
        "content_type": 14,
        "object_id": "17",
        "object_repr": "apyr deleted the issue Japsen PSQL integration",
        "action_flag": 3,
        "change_message": ""
    }
},
{
    "model": "admin.logentry",
    "pk": 37,
    "fields": {
        "action_time": "2016-07-19T20:13:32.282Z",
        "user": 1,
        "content_type": 14,
        "object_id": "16",
        "object_repr": "apyr created the issue Japsen PSQL integration",
        "action_flag": 3,
        "change_message": ""
    }
},
{
    "model": "admin.logentry",
    "pk": 38,
    "fields": {
        "action_time": "2016-07-19T20:13:32.381Z",
        "user": 1,
        "content_type": 14,
        "object_id": "15",
        "object_repr": "bernoulli deleted the issue new issue",
        "action_flag": 3,
        "change_message": ""
    }
},
{
    "model": "admin.logentry",
    "pk": 39,
    "fields": {
        "action_time": "2016-07-19T20:13:32.482Z",
        "user": 1,
        "content_type": 14,
        "object_id": "13",
        "object_repr": "bernoulli deleted the issue issue1",
        "action_flag": 3,
        "change_message": ""
    }
},
{
    "model": "admin.logentry",
    "pk": 40,
    "fields": {
        "action_time": "2016-07-19T20:13:32.575Z",
        "user": 1,
        "content_type": 14,
        "object_id": "11",
        "object_repr": "bernoulli deleted the issue t1",
        "action_flag": 3,
        "change_message": ""
    }
},
{
    "model": "admin.logentry",
    "pk": 41,
    "fields": {
        "action_time": "2016-07-19T20:13:32.666Z",
        "user": 1,
        "content_type": 14,
        "object_id": "9",
        "object_repr": "bernoulli deleted the issue t1",
        "action_flag": 3,
        "change_message": ""
    }
},
{
    "model": "admin.logentry",
    "pk": 42,
    "fields": {
        "action_time": "2016-07-19T20:13:32.758Z",
        "user": 1,
        "content_type": 14,
        "object_id": "7",
        "object_repr": "novak created the issue Arbitrary thing",
        "action_flag": 3,
        "change_message": ""
    }
},
{
    "model": "admin.logentry",
    "pk": 43,
    "fields": {
        "action_time": "2016-07-19T20:13:32.858Z",
        "user": 1,
        "content_type": 14,
        "object_id": "6",
        "object_repr": "novak created the issue Don't do this",
        "action_flag": 3,
        "change_message": ""
    }
},
{
    "model": "admin.logentry",
    "pk": 44,
    "fields": {
        "action_time": "2016-07-19T20:13:32.934Z",
        "user": 1,
        "content_type": 14,
        "object_id": "5",
        "object_repr": "novak created the issue Do that",
        "action_flag": 3,
        "change_message": ""
    }
},
{
    "model": "admin.logentry",
    "pk": 45,
    "fields": {
        "action_time": "2016-07-19T20:13:33.050Z",
        "user": 1,
        "content_type": 14,
        "object_id": "4",
        "object_repr": "novak created the issue Do this",
        "action_flag": 3,
        "change_message": ""
    }
},
{
    "model": "admin.logentry",
    "pk": 46,
    "fields": {
        "action_time": "2016-07-19T20:13:33.150Z",
        "user": 1,
        "content_type": 14,
        "object_id": "3",
        "object_repr": "novak created the issue Make that",
        "action_flag": 3,
        "change_message": ""
    }
},
{
    "model": "admin.logentry",
    "pk": 47,
    "fields": {
        "action_time": "2016-07-19T20:13:33.242Z",
        "user": 1,
        "content_type": 14,
        "object_id": "2",
        "object_repr": "novak created the issue Make this",
        "action_flag": 3,
        "change_message": ""
    }
},
{
    "model": "admin.logentry",
    "pk": 48,
    "fields": {
        "action_time": "2016-07-19T20:13:33.335Z",
        "user": 1,
        "content_type": 14,
        "object_id": "1",
        "object_repr": "owner created the issue.",
        "action_flag": 3,
        "change_message": ""
    }
},
{
    "model": "admin.logentry",
    "pk": 49,
    "fields": {
        "action_time": "2016-07-19T20:14:19.243Z",
        "user": 1,
        "content_type": 4,
        "object_id": "18",
        "object_repr": "aphyr",
        "action_flag": 1,
        "change_message": "Added."
    }
},
{
    "model": "admin.logentry",
    "pk": 50,
    "fields": {
        "action_time": "2016-07-19T20:15:05.210Z",
        "user": 1,
        "content_type": 7,
        "object_id": "11",
        "object_repr": "aphyr",
        "action_flag": 1,
        "change_message": "Added."
    }
},
{
    "model": "admin.logentry",
    "pk": 51,
    "fields": {
        "action_time": "2016-07-19T20:15:41.346Z",
        "user": 1,
        "content_type": 8,
        "object_id": "9",
        "object_repr": "JepsenPlus",
        "action_flag": 1,
        "change_message": "Added."
    }
},
{
    "model": "admin.logentry",
    "pk": 52,
    "fields": {
        "action_time": "2016-07-19T20:16:24.362Z",
        "user": 1,
        "content_type": 9,
        "object_id": "12",
        "object_repr": "JansenPlus repo",
        "action_flag": 1,
        "change_message": "Added."
    }
},
{
    "model": "admin.logentry",
    "pk": 53,
    "fields": {
        "action_time": "2016-07-19T20:16:40.620Z",
        "user": 1,
        "content_type": 13,
        "object_id": "17",
        "object_repr": "Role: Project owner; User: aphyr; Project: JepsenPlus",
        "action_flag": 1,
        "change_message": "Added."
    }
}
]
